"Id","Path","Slice Name","Alias(s)","Label","Min","Max","Must Support?","Is Modifier?","Is Summary?","Type(s)","Short","Definition","Comments","Requirements","Default Value","Meaning When Missing","Fixed Value","Pattern","Example","Minimum Value","Maximum Value","Maximum Length","Binding Strength","Binding Description","Binding Value Set","Code","Slicing Discriminator","Slicing Description","Slicing Ordered","Slicing Rules","Base Path","Base Min","Base Max","Condition(s)","Constraint(s)","Mapping: RIM Mapping"
"SqlCondition","SqlCondition","","","",0,*,"","","","null {[]} {[]}
","","","","","","","","","","","",,,,,"",,,,"Base",0,*,"",""
"SqlCondition.id","SqlCondition.id","","","",1,1,"","","Y","string {[]} {[]}
","Id","Logical id for resource","","","","","","","","","",,,,,"",,,,"SqlCondition.id",1,1,"",""
"SqlCondition.resource","SqlCondition.resource","","","",1,1,"","","Y","Condition {[]} {[]}
","Condition","Condition resource","","","","","","","","","",,,,,"",,,,"SqlCondition.resource",1,1,"",""
"SqlCondition.references","SqlCondition.references","","","",0,*,"","","Y","Reference {[]} {[CanonicalType[http://example.org/StructureDefinition/SqlReference]]}
","Reference","Flattened references","","","","","","","","","",,,,,"",,,,"SqlCondition.references",0,*,"",""
